created_at,request_id,entity_type,entity_id,action,severity,scope,division_id,actor_id,actor_role,reason
Fri Feb 27 2026 23:00:58 GMT+0530 (India Standard Time),71456889-13ec-4c6d-8e90-8a53d53edc2f,ADMIN_USER,973faf58-1b72-4534-93e8-4c077fcbefdb,ADMIN_LOGIN,MEDIUM,,,973faf58-1b72-4534-93e8-4c077fcbefdb,SUPER_ADMIN,Admin login via /api/v1/auth/admin/login
Fri Feb 27 2026 22:58:56 GMT+0530 (India Standard Time),0b96f7ae-84ab-4aae-a18f-3786d508d982,AUDIT_LOG,,EXPORT_CSV,MEDIUM,COMPANY,,973faf58-1b72-4534-93e8-4c077fcbefdb,SUPER_ADMIN,CSV export
Fri Feb 27 2026 22:52:42 GMT+0530 (India Standard Time),41530637-09f9-4647-8db7-0f9cd76c0ea6,ADMIN_USER,973faf58-1b72-4534-93e8-4c077fcbefdb,ADMIN_LOGIN,MEDIUM,,,973faf58-1b72-4534-93e8-4c077fcbefdb,SUPER_ADMIN,Admin login via /api/v1/auth/admin/login
Fri Feb 27 2026 22:52:35 GMT+0530 (India Standard Time),e09b2ff5-ff90-4934-bfbd-39881ee01dd5,ADMIN_USER,973faf58-1b72-4534-93e8-4c077fcbefdb,ADMIN_LOGIN,MEDIUM,,,973faf58-1b72-4534-93e8-4c077fcbefdb,SUPER_ADMIN,Admin login via /api/v1/auth/admin/login
Fri Feb 27 2026 22:36:51 GMT+0530 (India Standard Time),dd47da4f-49b0-48b4-b3d4-7c15856f908d,AUDIT_LOG,,EXPORT_CSV,MEDIUM,COMPANY,,973faf58-1b72-4534-93e8-4c077fcbefdb,SUPER_ADMIN,Audit export
Fri Feb 27 2026 22:32:42 GMT+0530 (India Standard Time),b67da670-9f66-4527-8235-44e852ed7d7f,AUDIT_LOG,,EXPORT_CSV,MEDIUM,COMPANY,,973faf58-1b72-4534-93e8-4c077fcbefdb,SUPER_ADMIN,Audit export
Fri Feb 27 2026 22:27:13 GMT+0530 (India Standard Time),153f19ce-8008-4c28-bc01-cd07183b4651,AUDIT_LOG,,EXPORT_CSV,MEDIUM,COMPANY,,973faf58-1b72-4534-93e8-4c077fcbefdb,SUPER_ADMIN,Audit export
Fri Feb 27 2026 22:16:00 GMT+0530 (India Standard Time),e872f779-a929-4058-8d15-36a55eeff59d,ADMIN_USER,973faf58-1b72-4534-93e8-4c077fcbefdb,ADMIN_LOGIN,MEDIUM,,,973faf58-1b72-4534-93e8-4c077fcbefdb,SUPER_ADMIN,Admin login via /api/v1/auth/admin/login
Fri Feb 27 2026 22:15:54 GMT+0530 (India Standard Time),bd472204-9dc0-44ba-b27f-da758fd8cde6,ADMIN_USER,973faf58-1b72-4534-93e8-4c077fcbefdb,ADMIN_LOGIN,MEDIUM,,,973faf58-1b72-4534-93e8-4c077fcbefdb,SUPER_ADMIN,Admin login via /api/v1/auth/admin/login
Fri Feb 27 2026 22:10:43 GMT+0530 (India Standard Time),6eaede6e-4c0b-440d-a66f-6ba0b075d4ef,ADMIN_USER,973faf58-1b72-4534-93e8-4c077fcbefdb,ADMIN_LOGIN,MEDIUM,,,973faf58-1b72-4534-93e8-4c077fcbefdb,SUPER_ADMIN,Admin login via /api/v1/auth/admin/login
Fri Feb 27 2026 22:10:37 GMT+0530 (India Standard Time),24c9034c-2146-47d2-9c26-400f01abd5a1,ADMIN_USER,973faf58-1b72-4534-93e8-4c077fcbefdb,ADMIN_LOGIN,MEDIUM,,,973faf58-1b72-4534-93e8-4c077fcbefdb,SUPER_ADMIN,Admin login via /api/v1/auth/admin/login
Fri Feb 27 2026 22:06:01 GMT+0530 (India Standard Time),fc753c4a-ea37-4fea-b348-1d4ce6903f98,ADMIN_USER,973faf58-1b72-4534-93e8-4c077fcbefdb,ADMIN_LOGIN,MEDIUM,,,973faf58-1b72-4534-93e8-4c077fcbefdb,SUPER_ADMIN,Admin login via /api/v1/auth/admin/login
Fri Feb 27 2026 22:05:54 GMT+0530 (India Standard Time),6e18042c-c242-42d0-9107-dba217f44315,ADMIN_USER,973faf58-1b72-4534-93e8-4c077fcbefdb,ADMIN_LOGIN,MEDIUM,,,973faf58-1b72-4534-93e8-4c077fcbefdb,SUPER_ADMIN,Admin login via /api/v1/auth/admin/login
Fri Feb 27 2026 20:34:29 GMT+0530 (India Standard Time),bb53d15b-4da7-4d58-98a5-44baebfa052c,EMPLOYEE_COMPENSATION,28f599f4-1a05-465a-b0f3-541555c0b4b3,ADD,MEDIUM,,,2bd99c2f-fee3-4dcc-b0a8-7e4b9972ed5c,,Initial compensation
Fri Feb 27 2026 20:34:25 GMT+0530 (India Standard Time),2206fe1d-8774-4cc5-a79b-3058ce50b4e8,EMPLOYEE,28f599f4-1a05-465a-b0f3-541555c0b4b3,CREATE,MEDIUM,,,2bd99c2f-fee3-4dcc-b0a8-7e4b9972ed5c,,
Fri Feb 27 2026 20:22:52 GMT+0530 (India Standard Time),bc476908-709d-4763-922d-755076c1f006,ATTENDANCE,97cc411b-be4c-48c2-bf56-c06f6939c253,MARK,MEDIUM,,,973faf58-1b72-4534-93e8-4c077fcbefdb,,
Fri Feb 27 2026 20:22:18 GMT+0530 (India Standard Time),c8a1ec21-b8bf-478f-84e9-86215affc27f,ATTENDANCE,9b604c1f-34c8-40b2-915c-d63824b8933b,MARK,MEDIUM,,,973faf58-1b72-4534-93e8-4c077fcbefdb,,
Fri Feb 27 2026 20:03:51 GMT+0530 (India Standard Time),8cdd2927-3f42-4d33-be43-ecf9805139b7,MONTH_CLOSE,b8fd9d47-d780-4fb5-b37f-d526010e5e84,MONTH_CLOSED,MEDIUM,,,973faf58-1b72-4534-93e8-4c077fcbefdb,,Month close completed through governance interface
Fri Feb 27 2026 19:57:33 GMT+0530 (India Standard Time),5adb7a69-629d-471c-98ec-cca6ce7a5150,MONTH_CLOSE,5d5a1206-ae76-4721-9774-652b25b006f9,MONTH_CLOSED,MEDIUM,,,973faf58-1b72-4534-93e8-4c077fcbefdb,,Month close completed through governance interface
Fri Feb 27 2026 19:57:33 GMT+0530 (India Standard Time),5adb7a69-629d-471c-98ec-cca6ce7a5150,MONTH_SNAPSHOT,e7d3e71f-1a8e-480c-a60c-86768542c988,SNAPSHOT_GENERATED,MEDIUM,,,973faf58-1b72-4534-93e8-4c077fcbefdb,,
Fri Feb 27 2026 19:49:00 GMT+0530 (India Standard Time),5d823d32-f48c-4ef7-91c3-a90a587870c8,MONTH_CLOSE,edd4c2ab-fe9a-4b76-b52b-018ed46fd2db,MONTH_CLOSED,MEDIUM,,,973faf58-1b72-4534-93e8-4c077fcbefdb,,Month close completed through governance interface
Fri Feb 27 2026 19:49:00 GMT+0530 (India Standard Time),5d823d32-f48c-4ef7-91c3-a90a587870c8,MONTH_SNAPSHOT,c096cf79-b398-4985-8048-3fd321171ae8,SNAPSHOT_GENERATED,MEDIUM,,,973faf58-1b72-4534-93e8-4c077fcbefdb,,
Fri Feb 27 2026 19:31:02 GMT+0530 (India Standard Time),97f8765c-e6a6-4a49-897d-ab141d45fe4c,MONTH_CLOSE,14b22848-1735-413e-bcdd-ef6525be401f,MONTH_CLOSED,MEDIUM,,,973faf58-1b72-4534-93e8-4c077fcbefdb,,Month closed after finance reconciliation
Fri Feb 27 2026 19:17:29 GMT+0530 (India Standard Time),bdc8918f-1d35-47f7-9164-b47522dd6793,MONTH_CLOSE,1726739d-17dd-419f-8ccf-402c1e12cbe9,MONTH_CLOSED,MEDIUM,,,973faf58-1b72-4534-93e8-4c077fcbefdb,,Month closed after finance reconciliation
Fri Feb 27 2026 19:17:29 GMT+0530 (India Standard Time),bdc8918f-1d35-47f7-9164-b47522dd6793,MONTH_SNAPSHOT,e1700690-d39a-46ef-b31c-c8ac8a73dfbc,SNAPSHOT_GENERATED,MEDIUM,,,973faf58-1b72-4534-93e8-4c077fcbefdb,,
Fri Feb 27 2026 19:16:11 GMT+0530 (India Standard Time),e1fd4c4a-9c12-4cf5-9a88-45becdb877f0,MONTH_CLOSE,ba3cf6b1-b091-4f15-b2af-14078b93ab70,MONTH_CLOSED,MEDIUM,,,973faf58-1b72-4534-93e8-4c077fcbefdb,,Month close completed through governance interface
Fri Feb 27 2026 19:16:11 GMT+0530 (India Standard Time),e1fd4c4a-9c12-4cf5-9a88-45becdb877f0,MONTH_SNAPSHOT,4a523e87-d9e8-4ac8-8b50-e23668ef0fa4,SNAPSHOT_GENERATED,MEDIUM,,,973faf58-1b72-4534-93e8-4c077fcbefdb,,
Fri Feb 27 2026 18:52:25 GMT+0530 (India Standard Time),be266238-9bc6-4aa6-8bd1-4736f3e8c915,ADMIN_USER,973faf58-1b72-4534-93e8-4c077fcbefdb,ADMIN_LOGIN,MEDIUM,,,973faf58-1b72-4534-93e8-4c077fcbefdb,SUPER_ADMIN,Admin login via /api/v1/auth/admin/login
Fri Feb 27 2026 18:52:16 GMT+0530 (India Standard Time),a57d6719-5cfc-4783-bd89-a08eee7345c3,ADMIN_USER,973faf58-1b72-4534-93e8-4c077fcbefdb,ADMIN_LOGIN,MEDIUM,,,973faf58-1b72-4534-93e8-4c077fcbefdb,SUPER_ADMIN,Admin login via /api/v1/auth/admin/login
Thu Feb 26 2026 22:38:00 GMT+0530 (India Standard Time),780f27c5-fcc3-4510-bb94-7704dac7cfce,ADMIN_USER,973faf58-1b72-4534-93e8-4c077fcbefdb,ADMIN_LOGIN,MEDIUM,,,973faf58-1b72-4534-93e8-4c077fcbefdb,SUPER_ADMIN,Admin login via /api/v1/auth/admin/login
Thu Feb 26 2026 22:37:53 GMT+0530 (India Standard Time),00554e69-738f-431a-927b-0d34e2263fa2,ADMIN_USER,973faf58-1b72-4534-93e8-4c077fcbefdb,ADMIN_LOGIN,MEDIUM,,,973faf58-1b72-4534-93e8-4c077fcbefdb,SUPER_ADMIN,Admin login via /api/v1/auth/admin/login
Thu Feb 26 2026 21:41:24 GMT+0530 (India Standard Time),5f0959ab-155c-41d9-8c94-c877e86fec2d,ADMIN_USER,973faf58-1b72-4534-93e8-4c077fcbefdb,ADMIN_LOGIN,MEDIUM,,,973faf58-1b72-4534-93e8-4c077fcbefdb,SUPER_ADMIN,Admin login via /api/v1/auth/admin/login
Thu Feb 26 2026 21:41:06 GMT+0530 (India Standard Time),6068126e-a99c-42d9-9b19-31387a9a01b0,ADMIN_USER,973faf58-1b72-4534-93e8-4c077fcbefdb,ADMIN_LOGIN,MEDIUM,,,973faf58-1b72-4534-93e8-4c077fcbefdb,SUPER_ADMIN,Admin login via /api/v1/auth/admin/login
Thu Feb 26 2026 21:37:17 GMT+0530 (India Standard Time),c80fdf3f-2079-40e5-9423-dc09b8e95fe2,ADMIN_USER,973faf58-1b72-4534-93e8-4c077fcbefdb,ADMIN_LOGIN,MEDIUM,,,973faf58-1b72-4534-93e8-4c077fcbefdb,SUPER_ADMIN,Admin login via /api/v1/auth/admin/login
Thu Feb 26 2026 21:37:08 GMT+0530 (India Standard Time),41e3de7b-b313-4e92-a898-7d44fc2934d6,ADMIN_USER,973faf58-1b72-4534-93e8-4c077fcbefdb,ADMIN_LOGIN,MEDIUM,,,973faf58-1b72-4534-93e8-4c077fcbefdb,SUPER_ADMIN,Admin login via /api/v1/auth/admin/login
Thu Feb 26 2026 20:00:14 GMT+0530 (India Standard Time),b37d1331-eba4-4c8a-ba5d-e68c3f724549,ADMIN_USER,973faf58-1b72-4534-93e8-4c077fcbefdb,ADMIN_LOGIN,MEDIUM,,,973faf58-1b72-4534-93e8-4c077fcbefdb,SUPER_ADMIN,Admin login via /api/v1/auth/admin/login
Thu Feb 26 2026 20:00:08 GMT+0530 (India Standard Time),e4737c39-607d-47e0-ae2b-f0f9186a1c39,ADMIN_USER,973faf58-1b72-4534-93e8-4c077fcbefdb,ADMIN_LOGIN,MEDIUM,,,973faf58-1b72-4534-93e8-4c077fcbefdb,SUPER_ADMIN,Admin login via /api/v1/auth/admin/login
Thu Feb 26 2026 19:43:31 GMT+0530 (India Standard Time),d652fa1a-2cd4-4673-bec3-419935c81a99,ADMIN_USER,973faf58-1b72-4534-93e8-4c077fcbefdb,ADMIN_LOGIN,MEDIUM,,,973faf58-1b72-4534-93e8-4c077fcbefdb,SUPER_ADMIN,Admin login via /api/v1/auth/admin/login
Thu Feb 26 2026 19:43:16 GMT+0530 (India Standard Time),c64cb05d-84a3-4f07-8253-0c2b0a21d718,ADMIN_USER,973faf58-1b72-4534-93e8-4c077fcbefdb,ADMIN_LOGIN,MEDIUM,,,973faf58-1b72-4534-93e8-4c077fcbefdb,SUPER_ADMIN,Admin login via /api/v1/auth/admin/login
Thu Feb 26 2026 19:37:20 GMT+0530 (India Standard Time),9079399a-18f0-4644-ba80-77ffaaa30103,ADMIN_USER,973faf58-1b72-4534-93e8-4c077fcbefdb,ADMIN_LOGIN,MEDIUM,,,973faf58-1b72-4534-93e8-4c077fcbefdb,SUPER_ADMIN,Admin login via /api/v1/auth/admin/login
Thu Feb 26 2026 18:19:23 GMT+0530 (India Standard Time),bacb3f10-79a4-49e8-9ac0-a7f119de0756,PAYROLL_RUN,a8596746-e686-4611-80ae-50f259a837aa,PAYROLL_STATUS_CHANGE,MEDIUM,,,5e0af208-b973-49b8-8c9b-707c430afd0b,,
Thu Feb 26 2026 18:19:23 GMT+0530 (India Standard Time),bacb3f10-79a4-49e8-9ac0-a7f119de0756,PAYROLL_PAYMENT,3df70072-3483-4a85-9b54-8f5bd38293a5,PAYROLL_PAYMENT_MARKED,MEDIUM,,,5e0af208-b973-49b8-8c9b-707c430afd0b,,
Thu Feb 26 2026 18:19:17 GMT+0530 (India Standard Time),f22334cb-a91f-4cb0-8398-33ff6a101e89,PAYROLL_PAYMENT,fbab0d7e-2085-45e7-8d73-2735852a8a64,PAYROLL_PAYMENT_MARKED,MEDIUM,,,5e0af208-b973-49b8-8c9b-707c430afd0b,,
Thu Feb 26 2026 18:00:59 GMT+0530 (India Standard Time),2d073f99-8d21-4ac4-acbb-7767dfca3361,REPORT_EXPORT,,REPORT_EXPORT_CSV,MEDIUM,,,5e0af208-b973-49b8-8c9b-707c430afd0b,FINANCE_ADMIN,CSV export
Thu Feb 26 2026 11:04:30 GMT+0530 (India Standard Time),6be95853-3e18-42f5-bae5-bae349e76803,ADMIN_USER,973faf58-1b72-4534-93e8-4c077fcbefdb,ADMIN_LOGIN,MEDIUM,,,973faf58-1b72-4534-93e8-4c077fcbefdb,SUPER_ADMIN,Admin login via /api/v1/auth/admin/login
Thu Feb 26 2026 11:04:21 GMT+0530 (India Standard Time),46ed8bf0-2670-4ae4-a7cb-eb4e3f061100,ADMIN_USER,973faf58-1b72-4534-93e8-4c077fcbefdb,ADMIN_LOGIN,MEDIUM,,,973faf58-1b72-4534-93e8-4c077fcbefdb,SUPER_ADMIN,Admin login via /api/v1/auth/admin/login
Thu Feb 26 2026 10:53:27 GMT+0530 (India Standard Time),7701f5fc-e05c-478a-aa53-b004e83c3784,INCOME,d34caa87-aaa8-4446-a1cf-d621a2270fd8,INCOME_STATUS_CHANGE,MEDIUM,,,5e0af208-b973-49b8-8c9b-707c430afd0b,,
Thu Feb 26 2026 10:53:27 GMT+0530 (India Standard Time),7701f5fc-e05c-478a-aa53-b004e83c3784,INCOME_PAYMENT,2530b27d-170f-47e2-9d24-fc67b179075e,INCOME_MARK_PAID,MEDIUM,,,5e0af208-b973-49b8-8c9b-707c430afd0b,,
Thu Feb 26 2026 10:51:42 GMT+0530 (India Standard Time),1c5f84b0-b616-41d4-bff9-5df3eb5ed990,INCOME,d34caa87-aaa8-4446-a1cf-d621a2270fd8,INCOME_APPROVE,MEDIUM,,,5e0af208-b973-49b8-8c9b-707c430afd0b,,
Thu Feb 26 2026 10:50:59 GMT+0530 (India Standard Time),ced862aa-a3c9-44b7-baa4-854151cf725c,INCOME,d34caa87-aaa8-4446-a1cf-d621a2270fd8,INCOME_SUBMIT,MEDIUM,,,5e0af208-b973-49b8-8c9b-707c430afd0b,,
Thu Feb 26 2026 10:50:53 GMT+0530 (India Standard Time),7e83ce7a-c2b5-456b-9603-0f5316f6dd56,INCOME_DOCUMENT,0fd17e07-7d75-4a6f-b66b-69a929c6e010,INCOME_DOC_UPLOADED,MEDIUM,,,5e0af208-b973-49b8-8c9b-707c430afd0b,,
Thu Feb 26 2026 10:50:43 GMT+0530 (India Standard Time),07da7549-ba5c-4806-b7da-9b8cc1927fcc,INCOME,d34caa87-aaa8-4446-a1cf-d621a2270fd8,INCOME_CREATE,MEDIUM,,,5e0af208-b973-49b8-8c9b-707c430afd0b,,
Thu Feb 26 2026 10:25:49 GMT+0530 (India Standard Time),a94d215d-3e10-466d-bfd4-471f90f39cc8,INCOME_CATEGORY,7a311989-520a-4300-bd03-8793b6c3a5a5,INCOME_CATEGORY_UPDATE,MEDIUM,,,5e0af208-b973-49b8-8c9b-707c430afd0b,,
Thu Feb 26 2026 10:25:25 GMT+0530 (India Standard Time),1ce4b75a-b330-40e0-b681-bc8be058788f,INCOME_CATEGORY,5277af37-d4d0-4364-bb08-4bc53e8b0743,INCOME_CATEGORY_CREATE,MEDIUM,,,5e0af208-b973-49b8-8c9b-707c430afd0b,,
Thu Feb 26 2026 10:23:58 GMT+0530 (India Standard Time),5a2ce0c1-2e1a-453d-9ec0-7b4b71d73fb3,CLIENT,28f087fa-eb72-4ccf-b4fc-e8afc468b81d,CLIENT_CREATE,MEDIUM,,,5e0af208-b973-49b8-8c9b-707c430afd0b,,
Thu Feb 26 2026 06:58:18 GMT+0530 (India Standard Time),b6706bd1-82ea-4472-b4c5-a9fecdb5197c,CLIENT,bdc24c56-66da-4647-a4c9-f1a01b50b43c,CLIENT_CREATE,MEDIUM,,,5e0af208-b973-49b8-8c9b-707c430afd0b,,
Thu Feb 26 2026 06:57:50 GMT+0530 (India Standard Time),3df6f4a9-e9fb-44c4-9c9e-451f05031542,INCOME_CATEGORY,7a311989-520a-4300-bd03-8793b6c3a5a5,INCOME_CATEGORY_CREATE,MEDIUM,,,5e0af208-b973-49b8-8c9b-707c430afd0b,,
Thu Feb 26 2026 05:52:42 GMT+0530 (India Standard Time),1339ba4f-da5b-4feb-89b7-ece6f6bf45ac,EXPENSE,7d70182e-d5eb-49b6-ab67-fbe21cb4aeda,EXPENSE_STATUS_CHANGE,MEDIUM,,,5e0af208-b973-49b8-8c9b-707c430afd0b,,
Thu Feb 26 2026 05:52:42 GMT+0530 (India Standard Time),1339ba4f-da5b-4feb-89b7-ece6f6bf45ac,EXPENSE_PAYMENT,fe3971b6-91a0-4936-a3a9-3a89963f4fc3,EXPENSE_MARK_PAID,MEDIUM,,,5e0af208-b973-49b8-8c9b-707c430afd0b,,
Thu Feb 26 2026 05:32:37 GMT+0530 (India Standard Time),82f735b1-7869-4b27-8641-7e2fb3e13130,EXPENSE,7d70182e-d5eb-49b6-ab67-fbe21cb4aeda,EXPENSE_APPROVE,MEDIUM,,,0caa2e95-35fc-4076-a1c6-79b9d800f466,,
Thu Feb 26 2026 05:07:05 GMT+0530 (India Standard Time),c2b64e6b-bac0-4b5e-83bc-f927f63c45b5,EXPENSE,7d70182e-d5eb-49b6-ab67-fbe21cb4aeda,EXPENSE_SUBMIT,MEDIUM,,,388c4bcc-b43c-4ddb-8531-5e6d1121c42e,,
Thu Feb 26 2026 05:06:57 GMT+0530 (India Standard Time),932b7e14-e50d-4ae0-b2cf-f35a9e3a232d,EXPENSE_RECEIPT,23b291db-7c49-4285-a08a-b28f7a656dea,EXPENSE_RECEIPT_UPLOADED,MEDIUM,,,388c4bcc-b43c-4ddb-8531-5e6d1121c42e,,
Thu Feb 26 2026 05:06:52 GMT+0530 (India Standard Time),cd90dd08-25fc-4744-adac-f1dd08741323,EXPENSE,7d70182e-d5eb-49b6-ab67-fbe21cb4aeda,EXPENSE_CREATE,MEDIUM,,,388c4bcc-b43c-4ddb-8531-5e6d1121c42e,,
Thu Feb 26 2026 04:59:28 GMT+0530 (India Standard Time),8987f72a-1554-404a-badc-7e5752464f42,EXPENSE_RECEIPT,eb07d761-ccb4-4519-ae5e-bf2d8b870ddd,EXPENSE_RECEIPT_UPLOADED,MEDIUM,,,388c4bcc-b43c-4ddb-8531-5e6d1121c42e,,
Thu Feb 26 2026 04:59:23 GMT+0530 (India Standard Time),301ca106-6716-4e8c-bfec-184afc26876e,EXPENSE,be2fbad5-5688-4138-a7b7-1582471537c0,EXPENSE_CREATE,MEDIUM,,,388c4bcc-b43c-4ddb-8531-5e6d1121c42e,,
Thu Feb 26 2026 04:54:38 GMT+0530 (India Standard Time),440c06f3-8a67-4c4d-8668-092f9f484340,EXPENSE,3acb9e53-6e3d-4812-9afb-e2b4c5daae45,EXPENSE_CREATE,MEDIUM,,,388c4bcc-b43c-4ddb-8531-5e6d1121c42e,,
Thu Feb 26 2026 04:54:09 GMT+0530 (India Standard Time),564d02c1-acf9-40d2-8780-58ce6943c248,EXPENSE,52e1418e-30e8-4b5f-9009-6b02ae5727b1,EXPENSE_CREATE,MEDIUM,,,388c4bcc-b43c-4ddb-8531-5e6d1121c42e,,
Thu Feb 26 2026 04:14:06 GMT+0530 (India Standard Time),55521ca6-831f-4a92-8ec1-2c37891c566f,ADMIN_USER,973faf58-1b72-4534-93e8-4c077fcbefdb,ADMIN_LOGIN,MEDIUM,,,973faf58-1b72-4534-93e8-4c077fcbefdb,SUPER_ADMIN,Admin login via /api/v1/auth/admin/login
Thu Feb 26 2026 04:13:59 GMT+0530 (India Standard Time),90fb9b8a-9bee-4c7c-a113-5a314151dd01,ADMIN_USER,973faf58-1b72-4534-93e8-4c077fcbefdb,ADMIN_LOGIN,MEDIUM,,,973faf58-1b72-4534-93e8-4c077fcbefdb,SUPER_ADMIN,Admin login via /api/v1/auth/admin/login
Thu Feb 26 2026 03:57:26 GMT+0530 (India Standard Time),2ac12a5f-dcae-4d9b-aa3e-1be7b855155b,ADMIN_USER,973faf58-1b72-4534-93e8-4c077fcbefdb,ADMIN_LOGIN,MEDIUM,,,973faf58-1b72-4534-93e8-4c077fcbefdb,SUPER_ADMIN,Admin login via /api/v1/auth/admin/login
Thu Feb 26 2026 03:57:21 GMT+0530 (India Standard Time),4b26ad8d-4d2e-4421-b571-9585b8f73746,ADMIN_USER,973faf58-1b72-4534-93e8-4c077fcbefdb,ADMIN_LOGIN,MEDIUM,,,973faf58-1b72-4534-93e8-4c077fcbefdb,SUPER_ADMIN,Admin login via /api/v1/auth/admin/login
Wed Feb 25 2026 18:57:00 GMT+0530 (India Standard Time),f9d9cccf-8d8a-407b-8ed7-1c30f44ca15a,ATTENDANCE,919602b8-74ac-4a46-a72e-4919d6ff9018,MARK,MEDIUM,,,87f74ed9-c8ad-476e-9fad-cd2d9cc94117,,
Wed Feb 25 2026 18:31:59 GMT+0530 (India Standard Time),8da83489-e4a1-4d89-99e2-fc9a564a009b,EXPENSE_CATEGORY,1cea8784-4c7c-49da-a453-a6603cfaf44a,EXPENSE_CATEGORY_CREATE,MEDIUM,,,5e0af208-b973-49b8-8c9b-707c430afd0b,,
Wed Feb 25 2026 18:31:40 GMT+0530 (India Standard Time),6757db3d-80ef-4a7f-b8be-1f7a50c9c374,EXPENSE_CATEGORY,a98823f3-60bf-4dae-90a5-ed72b27e760f,EXPENSE_CATEGORY_CREATE,MEDIUM,,,5e0af208-b973-49b8-8c9b-707c430afd0b,,
Wed Feb 25 2026 17:24:12 GMT+0530 (India Standard Time),831c9486-9a5d-4753-abb5-9a81f8fea873,ATTENDANCE,4b02cb08-dfe0-4eed-b4af-6059808bcb56,MARK,MEDIUM,,,388c4bcc-b43c-4ddb-8531-5e6d1121c42e,,
Wed Feb 25 2026 12:26:05 GMT+0530 (India Standard Time),85e5f1cb-fb3a-473f-b0be-8df1128e3ed6,PAYROLL_RUN,a8596746-e686-4611-80ae-50f259a837aa,PAYROLL_STATUS_CHANGE,MEDIUM,,,5e0af208-b973-49b8-8c9b-707c430afd0b,,
Wed Feb 25 2026 12:26:03 GMT+0530 (India Standard Time),2c39586c-04dd-4563-815d-cb7a699f675d,PAYROLL_RUN,a8596746-e686-4611-80ae-50f259a837aa,PAYROLL_STATUS_CHANGE,MEDIUM,,,5e0af208-b973-49b8-8c9b-707c430afd0b,,
Wed Feb 25 2026 12:07:27 GMT+0530 (India Standard Time),3f29da03-7fa1-4666-9135-647831b52ad1,PAYSLIP,563aadda-d331-46aa-98b9-9fe5f646b8e8,PAYSLIP_GENERATED,MEDIUM,,,5e0af208-b973-49b8-8c9b-707c430afd0b,,
Wed Feb 25 2026 12:07:27 GMT+0530 (India Standard Time),3f29da03-7fa1-4666-9135-647831b52ad1,PAYSLIP,4180fc8b-b347-4270-bd0d-da7cdfbbc661,PAYSLIP_GENERATED,MEDIUM,,,5e0af208-b973-49b8-8c9b-707c430afd0b,,
Wed Feb 25 2026 11:58:58 GMT+0530 (India Standard Time),019d262d-1825-4507-83c7-34f8c6cc290f,PAYROLL_RUN,a8596746-e686-4611-80ae-50f259a837aa,PAYROLL_STATUS_CHANGE,MEDIUM,,,5e0af208-b973-49b8-8c9b-707c430afd0b,,
Wed Feb 25 2026 11:58:56 GMT+0530 (India Standard Time),e328628c-6ad0-4e0e-940f-42e496fbe7b1,PAYROLL_RUN,a8596746-e686-4611-80ae-50f259a837aa,PAYROLL_STATUS_CHANGE,MEDIUM,,,5e0af208-b973-49b8-8c9b-707c430afd0b,,
Wed Feb 25 2026 11:14:16 GMT+0530 (India Standard Time),1927ed27-fe66-4cb3-be3b-509345ae5cb2,PAYSLIP,ba7bb6e0-4985-44b4-b7aa-ff3d61293347,PAYSLIP_GENERATED,MEDIUM,,,5e0af208-b973-49b8-8c9b-707c430afd0b,,
Wed Feb 25 2026 11:14:16 GMT+0530 (India Standard Time),1927ed27-fe66-4cb3-be3b-509345ae5cb2,PAYSLIP,3707518b-9e8c-4897-be43-cce1623674a6,PAYSLIP_GENERATED,MEDIUM,,,5e0af208-b973-49b8-8c9b-707c430afd0b,,
Wed Feb 25 2026 02:24:13 GMT+0530 (India Standard Time),07158c46-4bca-4f3d-bafa-1e5bd0ffe7fe,PAYROLL_RUN,a8596746-e686-4611-80ae-50f259a837aa,PAYROLL_STATUS_CHANGE,MEDIUM,,,5e0af208-b973-49b8-8c9b-707c430afd0b,,
Wed Feb 25 2026 02:24:13 GMT+0530 (India Standard Time),07158c46-4bca-4f3d-bafa-1e5bd0ffe7fe,PAYROLL_PAYMENT,173b9bd2-66a4-4d4e-9864-c4eaea3af517,PAYROLL_PAYMENT_MARKED,MEDIUM,,,5e0af208-b973-49b8-8c9b-707c430afd0b,,
Wed Feb 25 2026 02:24:09 GMT+0530 (India Standard Time),3242d10e-ef6b-434a-8c22-c9ea5e8efd74,PAYROLL_PAYMENT,ae1bda5f-85c0-4223-b6d9-1968d8150756,PAYROLL_PAYMENT_MARKED,MEDIUM,,,5e0af208-b973-49b8-8c9b-707c430afd0b,,
Wed Feb 25 2026 02:10:58 GMT+0530 (India Standard Time),059b43bd-4bcf-48e4-bb05-2fdbfddf28de,PAYROLL_RUN,a8596746-e686-4611-80ae-50f259a837aa,PAYROLL_STATUS_CHANGE,MEDIUM,,,5e0af208-b973-49b8-8c9b-707c430afd0b,,
Wed Feb 25 2026 01:59:14 GMT+0530 (India Standard Time),fd15d818-fa51-43d7-a0f2-d5f0795c10f4,PAYROLL_RUN,a8596746-e686-4611-80ae-50f259a837aa,PAYROLL_STATUS_CHANGE,MEDIUM,,,5e0af208-b973-49b8-8c9b-707c430afd0b,,
Wed Feb 25 2026 01:46:19 GMT+0530 (India Standard Time),9d060f0d-20e7-4223-8ce0-50e8cd24bbe1,PAYROLL_ITEM,5c066226-af5e-4b0b-a4b1-4569b6cad3fe,PAYROLL_ITEM_ADDED,MEDIUM,,,5e0af208-b973-49b8-8c9b-707c430afd0b,,ef
Wed Feb 25 2026 01:29:19 GMT+0530 (India Standard Time),fd7c4fe4-8c9d-4fe2-90c8-3e48f4fb119e,PAYROLL_ITEM,8d416269-ac31-4052-a352-3b5bd159961a,PAYROLL_ITEM_ADDED,MEDIUM,,,5e0af208-b973-49b8-8c9b-707c430afd0b,,sdd
Tue Feb 24 2026 03:11:00 GMT+0530 (India Standard Time),a0c019a8-dc1c-4548-9d1d-01e158735a95,PAYROLL_RUN,a8596746-e686-4611-80ae-50f259a837aa,PAYROLL_DRAFT_COMPUTE,MEDIUM,,,5e0af208-b973-49b8-8c9b-707c430afd0b,,
Tue Feb 24 2026 03:10:58 GMT+0530 (India Standard Time),c36a5af0-a861-4ca3-a7aa-ed232b00e811,PAYROLL_RUN,a8596746-e686-4611-80ae-50f259a837aa,PAYROLL_RUN_CREATE,MEDIUM,,,5e0af208-b973-49b8-8c9b-707c430afd0b,,
Tue Feb 24 2026 03:00:37 GMT+0530 (India Standard Time),9d83755f-28e4-4c82-9554-89efb7a61c90,PAYROLL_RUN,ba8b9d8e-1ea6-4ea5-9768-f6119cce354a,PAYROLL_RUN_CREATE,MEDIUM,,,5e0af208-b973-49b8-8c9b-707c430afd0b,,
Tue Feb 24 2026 02:11:15 GMT+0530 (India Standard Time),1ab0b4b0-ea0c-401c-bc94-f4e92304957c,PAYROLL_RUN,2c954ede-cc27-4a05-99d5-18d23f765c40,PAYROLL_RUN_CREATE,MEDIUM,,,5e0af208-b973-49b8-8c9b-707c430afd0b,,
Tue Feb 24 2026 00:43:09 GMT+0530 (India Standard Time),49ccaad8-e974-43de-bb29-55188bd97c89,PAYROLL_RUN,b38d1f63-57d8-47e6-b5c4-650807637dee,PAYROLL_RUN_CREATE,MEDIUM,,,5e0af208-b973-49b8-8c9b-707c430afd0b,,
Tue Feb 24 2026 00:22:52 GMT+0530 (India Standard Time),fd9072b8-e9a6-413a-acda-014d2dfab4bc,PAYROLL_RUN,6cf7c512-e9b0-4647-bbe8-fbe8b1c9865c,PAYROLL_RUN_CREATE,MEDIUM,,,5e0af208-b973-49b8-8c9b-707c430afd0b,,
Tue Feb 24 2026 00:16:35 GMT+0530 (India Standard Time),cf56618c-3206-4530-9dfd-b2cb0aa0867a,PAYROLL_RUN,bc4193e6-56ac-4230-9776-eed0f02a7d89,PAYROLL_RUN_CREATE,MEDIUM,,,5e0af208-b973-49b8-8c9b-707c430afd0b,,
Mon Feb 23 2026 23:47:32 GMT+0530 (India Standard Time),76568f0d-bffa-4402-9f2f-185f077499aa,PAYROLL_RUN,85cb67ce-ebed-47e5-946a-fd649cfc0fbb,PAYROLL_RUN_CREATE,MEDIUM,,,5e0af208-b973-49b8-8c9b-707c430afd0b,,
Mon Feb 23 2026 23:46:26 GMT+0530 (India Standard Time),b561b4c6-809c-4247-9588-db12e9e8a582,PAYROLL_RUN,eb0e26ce-9ac5-49c6-9c81-1e87c93deb09,PAYROLL_RUN_CREATE,MEDIUM,,,5e0af208-b973-49b8-8c9b-707c430afd0b,,
Mon Feb 23 2026 23:43:41 GMT+0530 (India Standard Time),f405ca39-a86e-4532-8378-3d2291f1f2f2,PAYROLL_RUN,48956677-028e-47da-9fb4-cc8ef5365d31,PAYROLL_RUN_CREATE,MEDIUM,,,5e0af208-b973-49b8-8c9b-707c430afd0b,,
Mon Feb 23 2026 23:38:59 GMT+0530 (India Standard Time),b813a1e7-3190-44ae-ac95-1ecbfb118714,TIMESHEET,244d1cfd-6e5a-4df0-a2b6-f7b937012349,APPROVE_L2,MEDIUM,,,2bd99c2f-fee3-4dcc-b0a8-7e4b9972ed5c,,
Mon Feb 23 2026 23:00:01 GMT+0530 (India Standard Time),0f8540e1-1de7-4769-93a5-c0e8ef1d0d1f,LEAVE_REQUEST,c0407b03-458c-419d-b5f2-bb8ebea2192c,LEAVE_REQUEST_APPROVE_L2,MEDIUM,,,2bd99c2f-fee3-4dcc-b0a8-7e4b9972ed5c,,gyg
Mon Feb 23 2026 21:17:20 GMT+0530 (India Standard Time),eca35267-1d4a-43f1-870d-bcf328b61647,ATTENDANCE,152ceae4-c345-4f26-849c-484121b2fdf8,OVERRIDE,MEDIUM,,,973faf58-1b72-4534-93e8-4c077fcbefdb,,def
Mon Feb 23 2026 21:14:48 GMT+0530 (India Standard Time),d22c2d5b-d938-4344-a276-ab35be5e6873,ATTENDANCE,ccedf978-ccf7-47ac-9640-e3cb0533267d,BULK_MARK,MEDIUM,,,973faf58-1b72-4534-93e8-4c077fcbefdb,,
Mon Feb 23 2026 21:14:48 GMT+0530 (India Standard Time),d22c2d5b-d938-4344-a276-ab35be5e6873,ATTENDANCE,a44ceb9c-967b-4658-9a53-d29e25bf81db,BULK_MARK,MEDIUM,,,973faf58-1b72-4534-93e8-4c077fcbefdb,,
Mon Feb 23 2026 21:14:48 GMT+0530 (India Standard Time),d22c2d5b-d938-4344-a276-ab35be5e6873,ATTENDANCE,0a2bd835-732f-4d5a-aee3-7807b00c641f,BULK_MARK,MEDIUM,,,973faf58-1b72-4534-93e8-4c077fcbefdb,,
Mon Feb 23 2026 21:14:48 GMT+0530 (India Standard Time),d22c2d5b-d938-4344-a276-ab35be5e6873,ATTENDANCE,4965c950-c797-4718-a846-cd2ac3f2c862,BULK_MARK,MEDIUM,,,973faf58-1b72-4534-93e8-4c077fcbefdb,,
Mon Feb 23 2026 21:14:48 GMT+0530 (India Standard Time),d22c2d5b-d938-4344-a276-ab35be5e6873,ATTENDANCE,9c8fb350-5adf-42fd-8ae2-9de0abbc8114,BULK_MARK,MEDIUM,,,973faf58-1b72-4534-93e8-4c077fcbefdb,,
Mon Feb 23 2026 21:14:48 GMT+0530 (India Standard Time),d22c2d5b-d938-4344-a276-ab35be5e6873,ATTENDANCE,51b08e11-6089-4d00-9da9-cccf4c6daf6d,BULK_MARK,MEDIUM,,,973faf58-1b72-4534-93e8-4c077fcbefdb,,
Mon Feb 23 2026 21:14:48 GMT+0530 (India Standard Time),d22c2d5b-d938-4344-a276-ab35be5e6873,ATTENDANCE,efa12425-65a1-408b-8619-01fc80105e70,BULK_MARK,MEDIUM,,,973faf58-1b72-4534-93e8-4c077fcbefdb,,
Mon Feb 23 2026 21:14:48 GMT+0530 (India Standard Time),d22c2d5b-d938-4344-a276-ab35be5e6873,ATTENDANCE,40ab975b-2db6-4a3b-a062-5359399bc966,BULK_MARK,MEDIUM,,,973faf58-1b72-4534-93e8-4c077fcbefdb,,
Mon Feb 23 2026 21:14:48 GMT+0530 (India Standard Time),d22c2d5b-d938-4344-a276-ab35be5e6873,ATTENDANCE,2952afaf-8e2a-49cf-9c92-5b3a3d710003,BULK_MARK,MEDIUM,,,973faf58-1b72-4534-93e8-4c077fcbefdb,,
Mon Feb 23 2026 21:14:48 GMT+0530 (India Standard Time),d22c2d5b-d938-4344-a276-ab35be5e6873,ATTENDANCE,4d158f65-091c-4ad5-8d7a-579aa025f7c2,BULK_MARK,MEDIUM,,,973faf58-1b72-4534-93e8-4c077fcbefdb,,
Mon Feb 23 2026 21:14:48 GMT+0530 (India Standard Time),d22c2d5b-d938-4344-a276-ab35be5e6873,ATTENDANCE,fba9f4a4-3340-4edb-992f-665de03249db,BULK_MARK,MEDIUM,,,973faf58-1b72-4534-93e8-4c077fcbefdb,,
Mon Feb 23 2026 21:14:48 GMT+0530 (India Standard Time),d22c2d5b-d938-4344-a276-ab35be5e6873,ATTENDANCE,ec6b3416-aba0-4fea-9a9f-59f460f46bcc,BULK_MARK,MEDIUM,,,973faf58-1b72-4534-93e8-4c077fcbefdb,,
Mon Feb 23 2026 21:14:48 GMT+0530 (India Standard Time),d22c2d5b-d938-4344-a276-ab35be5e6873,ATTENDANCE,fd21a421-dba3-4b9c-9da7-9c65ed19a254,BULK_MARK,MEDIUM,,,973faf58-1b72-4534-93e8-4c077fcbefdb,,
Mon Feb 23 2026 21:14:48 GMT+0530 (India Standard Time),d22c2d5b-d938-4344-a276-ab35be5e6873,ATTENDANCE,b777ec7e-db71-49a7-ba43-0b41ce6850d6,BULK_MARK,MEDIUM,,,973faf58-1b72-4534-93e8-4c077fcbefdb,,
Mon Feb 23 2026 21:14:48 GMT+0530 (India Standard Time),d22c2d5b-d938-4344-a276-ab35be5e6873,ATTENDANCE,56866ac6-68f0-4dcc-a2e4-238c092cd136,BULK_MARK,MEDIUM,,,973faf58-1b72-4534-93e8-4c077fcbefdb,,
Mon Feb 23 2026 21:14:48 GMT+0530 (India Standard Time),d22c2d5b-d938-4344-a276-ab35be5e6873,ATTENDANCE,d1fc46b0-5587-4c5a-9fa7-88234ad0465a,BULK_MARK,MEDIUM,,,973faf58-1b72-4534-93e8-4c077fcbefdb,,
Mon Feb 23 2026 21:14:48 GMT+0530 (India Standard Time),d22c2d5b-d938-4344-a276-ab35be5e6873,ATTENDANCE,7b7754b3-af6b-4db2-8c9a-7780b457aa42,BULK_MARK,MEDIUM,,,973faf58-1b72-4534-93e8-4c077fcbefdb,,
Mon Feb 23 2026 21:14:48 GMT+0530 (India Standard Time),d22c2d5b-d938-4344-a276-ab35be5e6873,ATTENDANCE,fa35e892-f4b2-4b92-889d-9678d5ebf7f5,BULK_MARK,MEDIUM,,,973faf58-1b72-4534-93e8-4c077fcbefdb,,
Mon Feb 23 2026 21:13:41 GMT+0530 (India Standard Time),1fee91a7-09f6-43df-8736-9544193364d6,ADMIN_USER,973faf58-1b72-4534-93e8-4c077fcbefdb,ADMIN_LOGIN,MEDIUM,,,973faf58-1b72-4534-93e8-4c077fcbefdb,SUPER_ADMIN,Admin login via /api/v1/auth/admin/login
Mon Feb 23 2026 21:13:34 GMT+0530 (India Standard Time),6ac13701-1d65-4ff4-bc37-fc606cab70fb,ADMIN_USER,973faf58-1b72-4534-93e8-4c077fcbefdb,ADMIN_LOGIN,MEDIUM,,,973faf58-1b72-4534-93e8-4c077fcbefdb,SUPER_ADMIN,Admin login via /api/v1/auth/admin/login
Mon Feb 23 2026 01:15:46 GMT+0530 (India Standard Time),db686ffb-9540-4dec-b1c9-2f015957f3cb,ATTENDANCE,3008cd87-2c95-4a9e-812a-b486a793189f,OVERRIDE,MEDIUM,,,2bd99c2f-fee3-4dcc-b0a8-7e4b9972ed5c,,w
Sun Feb 22 2026 23:58:47 GMT+0530 (India Standard Time),9d3b8261-a035-46f1-b653-8a0f258e809f,EMPLOYEE,ba2f681a-0d83-49eb-bf4f-2e0c03f19f87,UPDATE,MEDIUM,,,2bd99c2f-fee3-4dcc-b0a8-7e4b9972ed5c,,qsqw
Sun Feb 22 2026 23:18:55 GMT+0530 (India Standard Time),1e8eb4ae-6d13-422c-9a32-f394c9cc2f76,EMPLOYEE_COMPENSATION,ba2f681a-0d83-49eb-bf4f-2e0c03f19f87,ADD,MEDIUM,,,2bd99c2f-fee3-4dcc-b0a8-7e4b9972ed5c,,dwede
Sun Feb 22 2026 23:18:03 GMT+0530 (India Standard Time),3a6141ce-e3d4-4550-9377-6b4483074e83,EMPLOYEE_SCOPE,ba2f681a-0d83-49eb-bf4f-2e0c03f19f87,CHANGE_SCOPE,MEDIUM,,,2bd99c2f-fee3-4dcc-b0a8-7e4b9972ed5c,,wdeqe
Sun Feb 22 2026 23:17:15 GMT+0530 (India Standard Time),320e9be6-29cf-411a-8262-2d09aed03cc9,EMPLOYEE,ba2f681a-0d83-49eb-bf4f-2e0c03f19f87,UPDATE,MEDIUM,,,2bd99c2f-fee3-4dcc-b0a8-7e4b9972ed5c,,gy
Sun Feb 22 2026 23:13:23 GMT+0530 (India Standard Time),86ed9224-e71a-41b7-8a11-07d7b2c49b69,EMPLOYEE,ba2f681a-0d83-49eb-bf4f-2e0c03f19f87,UPDATE,MEDIUM,,,2bd99c2f-fee3-4dcc-b0a8-7e4b9972ed5c,,iudhweuhd
Sun Feb 22 2026 21:13:29 GMT+0530 (India Standard Time),c4108a38-ac13-4c41-b446-a1970e6b6067,PAYROLL_RUN,7b55e76a-8aef-4c60-9c23-9be02ae9a7af,PAYROLL_RUN_CREATE,MEDIUM,,,5e0af208-b973-49b8-8c9b-707c430afd0b,,
Sun Feb 22 2026 21:10:20 GMT+0530 (India Standard Time),24395fb4-7e6d-4203-a287-3c02c9a82f73,PAYROLL_RUN,6988fcb2-c038-473d-abb1-4f201b33f0c9,PAYROLL_RUN_CREATE,MEDIUM,,,5e0af208-b973-49b8-8c9b-707c430afd0b,,
Sun Feb 22 2026 20:29:28 GMT+0530 (India Standard Time),ad8a679d-65a1-4ea1-9f60-4cd52b4be020,PAYROLL_RUN,39a3bb5e-9042-4208-90a5-691a39ed3eda,PAYROLL_RUN_CREATE,MEDIUM,,,5e0af208-b973-49b8-8c9b-707c430afd0b,,
Sun Feb 22 2026 20:01:23 GMT+0530 (India Standard Time),fbdeb260-d97c-4ac8-b78e-fcd0e202f53b,PAYROLL_RUN,dbadec60-604b-45a7-8da3-8330c08e70cf,PAYROLL_RUN_CREATE,MEDIUM,,,5e0af208-b973-49b8-8c9b-707c430afd0b,,
Sat Feb 21 2026 09:55:42 GMT+0530 (India Standard Time),cc6a0775-f5b4-41ba-b2ba-2d6737bae868,EMPLOYEE,de2c0d3b-2703-481c-9da9-3ba20f1a1302,CREATE,MEDIUM,,,2bd99c2f-fee3-4dcc-b0a8-7e4b9972ed5c,,
Sat Feb 21 2026 09:40:57 GMT+0530 (India Standard Time),2655216f-688a-4c7e-8b3b-d2957af5160c,ADMIN_USER,973faf58-1b72-4534-93e8-4c077fcbefdb,ADMIN_LOGIN,MEDIUM,,,973faf58-1b72-4534-93e8-4c077fcbefdb,SUPER_ADMIN,Admin login via /api/v1/auth/admin/login
Sat Feb 21 2026 09:40:50 GMT+0530 (India Standard Time),22df2add-6be7-4c49-a7ed-2fffd43a99df,ADMIN_USER,973faf58-1b72-4534-93e8-4c077fcbefdb,ADMIN_LOGIN,MEDIUM,,,973faf58-1b72-4534-93e8-4c077fcbefdb,SUPER_ADMIN,Admin login via /api/v1/auth/admin/login
Sat Feb 21 2026 00:43:56 GMT+0530 (India Standard Time),09e0ca86-1c36-4c05-a844-c8fb770d82ed,EMPLOYEE,deb5a316-b6ab-4586-b403-341554fd9225,CREATE,MEDIUM,,,973faf58-1b72-4534-93e8-4c077fcbefdb,,
Fri Feb 20 2026 23:17:55 GMT+0530 (India Standard Time),b2eea9ec-55a7-40a5-85c6-56f7e6223b4f,ADMIN_USER,973faf58-1b72-4534-93e8-4c077fcbefdb,ADMIN_LOGIN,MEDIUM,,,973faf58-1b72-4534-93e8-4c077fcbefdb,SUPER_ADMIN,Admin login via /api/v1/auth/admin/login
Fri Feb 20 2026 23:17:43 GMT+0530 (India Standard Time),132814cd-5ab6-491e-a1d5-8da89fee03e5,ADMIN_USER,973faf58-1b72-4534-93e8-4c077fcbefdb,ADMIN_LOGIN,MEDIUM,,,973faf58-1b72-4534-93e8-4c077fcbefdb,SUPER_ADMIN,Admin login via /api/v1/auth/admin/login
Fri Feb 20 2026 19:56:14 GMT+0530 (India Standard Time),b2bc6933-7611-4c8c-b429-4054686a7a65,LEAVE_REQUEST,c0407b03-458c-419d-b5f2-bb8ebea2192c,LEAVE_REQUEST_APPROVE,MEDIUM,,,0caa2e95-35fc-4076-a1c6-79b9d800f466,,
Fri Feb 20 2026 19:56:14 GMT+0530 (India Standard Time),b2bc6933-7611-4c8c-b429-4054686a7a65,ATTENDANCE,49aeabe5-e83c-470a-9a86-e65df4540f34,ATTENDANCE_SYNC_APPLIED,MEDIUM,,,0caa2e95-35fc-4076-a1c6-79b9d800f466,,
Fri Feb 20 2026 19:56:14 GMT+0530 (India Standard Time),b2bc6933-7611-4c8c-b429-4054686a7a65,ATTENDANCE,e3bf7b8c-42b3-4b55-8b92-54317580471c,ATTENDANCE_SYNC_APPLIED,MEDIUM,,,0caa2e95-35fc-4076-a1c6-79b9d800f466,,
Fri Feb 20 2026 19:56:14 GMT+0530 (India Standard Time),b2bc6933-7611-4c8c-b429-4054686a7a65,LEAVE_BALANCE,86fdff41-e60d-4b0d-9649-98a77c547911,LEAVE_BALANCE_CONSUME,MEDIUM,,,0caa2e95-35fc-4076-a1c6-79b9d800f466,,
Fri Feb 20 2026 18:15:25 GMT+0530 (India Standard Time),1c0f30e2-933a-4731-8998-6bcf5cebba3a,TIMESHEET,244d1cfd-6e5a-4df0-a2b6-f7b937012349,APPROVE,MEDIUM,,,0caa2e95-35fc-4076-a1c6-79b9d800f466,,
Fri Feb 20 2026 04:04:23 GMT+0530 (India Standard Time),575c5044-3ac6-4b1d-97c1-79282d169b36,ADMIN_USER,973faf58-1b72-4534-93e8-4c077fcbefdb,ADMIN_LOGIN,MEDIUM,,,973faf58-1b72-4534-93e8-4c077fcbefdb,SUPER_ADMIN,Admin login via /api/v1/auth/admin/login
Fri Feb 20 2026 04:03:59 GMT+0530 (India Standard Time),fcb889fd-34c6-452f-b32f-dc8c9ce213fd,ADMIN_USER,973faf58-1b72-4534-93e8-4c077fcbefdb,ADMIN_LOGIN,MEDIUM,,,973faf58-1b72-4534-93e8-4c077fcbefdb,SUPER_ADMIN,Admin login via /api/v1/auth/admin/login
